日期,造船板价格,城市
2014/1/2,3980,上海
2014/1/3,3980,上海
2014/1/6,3980,上海
2014/1/7,3980,上海
2014/1/8,3960,上海
2014/1/9,3930,上海
2014/1/10,3930,上海
2014/1/13,3930,上海
2014/1/14,3930,上海
2014/1/15,3930,上海
2014/1/16,3910,上海
2014/1/17,3910,上海
2014/1/20,3910,上海
2014/1/21,3910,上海
2014/1/22,3910,上海
2014/1/23,3910,上海
2014/1/24,3910,上海
2014/1/26,3910,上海
2014/1/27,3910,上海
2014/1/28,3910,上海
2014/1/29,3910,上海
2014/1/30,3910,上海
2014/2/7,3910,上海
2014/2/8,3910,上海
2014/2/10,3930,上海
2014/2/11,3930,上海
2014/2/12,3930,上海
2014/2/13,3930,上海
2014/2/14,3930,上海
2014/2/17,3930,上海
2014/2/18,3950,上海
2014/2/19,3950,上海
2014/2/20,3930,上海
2014/2/21,3930,上海
2014/2/24,3930,上海
2014/2/25,3930,上海
2014/2/26,3930,上海
2014/2/27,3930,上海
2014/2/28,3930,上海
2014/3/4,3910,上海
2014/3/5,3910,上海
2014/3/6,3910,上海
2014/3/7,3910,上海
2014/3/10,3910,上海
2014/3/11,3910,上海
2014/3/12,3870,上海
2014/3/13,3870,上海
2014/3/14,3870,上海
2014/3/17,3870,上海
2014/3/18,3870,上海
2014/3/19,3870,上海
2014/3/20,3870,上海
2014/3/21,3870,上海
2014/3/24,3870,上海
2014/3/25,3870,上海
2014/3/26,3870,上海
2014/3/27,3870,上海
2014/3/28,3870,上海
2014/3/31,3870,上海
2014/4/1,3890,上海
2014/4/2,3890,上海
2014/4/3,3890,上海
2014/4/4,3890,上海
2014/4/8,3890,上海
2014/4/9,3920,上海
2014/4/10,3920,上海
2014/4/11,3920,上海
2014/4/14,3920,上海
2014/4/15,3920,上海
2014/4/16,3920,上海
2014/4/17,3920,上海
2014/4/18,3920,上海
2014/4/22,3900,上海
2014/4/23,3890,上海
2014/4/24,3890,上海
2014/4/25,3890,上海
2014/4/28,3890,上海
2014/4/29,3890,上海
2014/4/30,3890,上海
2014/5/4,3890,上海
2014/5/5,3890,上海
2014/5/6,3890,上海
2014/5/7,3890,上海
2014/5/8,3890,上海
2014/5/9,3890,上海
2014/5/12,3890,上海
2014/5/13,3890,上海
2014/5/14,3890,上海
2014/5/15,3890,上海
2014/5/16,3870,上海
2014/5/19,3870,上海
2014/5/20,3870,上海
2014/5/21,3870,上海
2014/5/22,3870,上海
2014/5/23,3870,上海
2014/5/26,3870,上海
2014/5/27,3870,上海
2014/5/28,3870,上海
2014/5/29,3870,上海
2014/5/30,3870,上海
2014/6/3,3870,上海
2014/6/4,3870,上海
2014/6/5,3860,上海
2014/6/6,3860,上海
2014/6/9,3860,上海
2014/6/10,3860,上海
2014/6/11,3860,上海
2014/6/12,3840,上海
2014/6/13,3840,上海
2014/6/16,3840,上海
2014/6/17,3840,上海
2014/6/18,3840,上海
2014/6/19,3830,上海
2014/6/20,3830,上海
2014/6/23,3830,上海
2014/6/24,3830,上海
2014/6/25,3830,上海
2014/6/26,3830,上海
2014/6/27,3830,上海
2014/6/30,3830,上海
2014/7/1,3830,上海
2014/7/2,3830,上海
2014/7/3,3830,上海
2014/7/4,3830,上海
2014/7/7,3830,上海
2014/7/8,3830,上海
2014/7/9,3830,上海
2014/7/10,3830,上海
2014/7/11,3830,上海
2014/7/14,3830,上海
2014/7/15,3830,上海
2014/7/16,3830,上海
2014/7/17,3830,上海
2014/7/18,3830,上海
2014/7/21,3800,上海
2014/7/22,3780,上海
2014/7/23,3780,上海
2014/7/24,3780,上海
2014/7/25,3780,上海
2014/7/28,3780,上海
2014/7/29,3780,上海
2014/7/30,3780,上海
2014/7/31,3750,上海
2014/8/1,3730,上海
2014/8/4,3700,上海
2014/8/5,3700,上海
2014/8/6,3700,上海
2014/8/7,3700,上海
2014/8/8,3700,上海
2014/8/11,3700,上海
2014/8/12,3700,上海
2014/8/13,3700,上海
2014/8/14,3700,上海
2014/8/15,3700,上海
2014/8/18,3680,上海
2014/8/19,3680,上海
2014/8/20,3680,上海
2014/8/21,3640,上海
2014/8/22,3630,上海
2014/8/25,3630,上海
2014/8/26,3600,上海
2014/8/27,3600,上海
2014/8/28,3600,上海
2014/8/29,3600,上海
2014/9/1,3580,上海
2014/9/2,3580,上海
2014/9/3,3580,上海
2014/9/4,3560,上海
2014/9/5,3560,上海
2014/9/9,3560,上海
2014/9/10,3560,上海
2014/9/11,3560,上海
2014/9/12,3540,上海
2014/9/15,3540,上海
2014/9/16,3540,上海
2014/9/17,3560,上海
2014/9/18,3560,上海
2014/9/19,3560,上海
2014/9/22,3530,上海
2014/9/23,3530,上海
2014/9/24,3530,上海
2014/9/25,3480,上海
2014/9/26,3480,上海
2014/9/28,3480,上海
2014/9/29,3480,上海
2014/9/30,3480,上海
2014/10/8,3480,上海
2014/10/9,3480,上海
2014/10/10,3480,上海
2014/10/11,3490,上海
2014/10/13,3490,上海
2014/10/14,3550,上海
2014/10/15,3550,上海
2014/10/16,3550,上海
2014/10/17,3550,上海
2014/10/20,3550,上海
2014/10/21,3530,上海
2014/10/22,3530,上海
2014/10/23,3490,上海
2014/10/24,3490,上海
2014/10/27,3490,上海
2014/10/28,3480,上海
2014/10/29,3480,上海
2014/10/30,3460,上海
2014/10/31,3460,上海
2014/11/3,3440,上海
2014/11/4,3430,上海
2014/11/5,3430,上海
2014/11/6,3430,上海
2014/11/7,3430,上海
2014/11/10,3410,上海
2014/11/11,3410,上海
2014/11/12,3410,上海
2014/11/13,3410,上海
2014/11/14,3410,上海
2014/11/17,3380,上海
2014/11/18,3380,上海
2014/11/19,3380,上海
2014/11/20,3380,上海
2014/11/21,3380,上海
2014/11/24,3380,上海
2014/11/25,3350,上海
2014/11/26,3340,上海
2014/11/27,3340,上海
2014/11/28,3340,上海
2014/12/1,3340,上海
2014/12/2,3340,上海
2014/12/3,3340,上海
2014/12/4,3340,上海
2014/12/5,3340,上海
2014/12/8,3340,上海
2014/12/9,3340,上海
2014/12/10,3340,上海
2014/12/11,3340,上海
2014/12/12,3340,上海
2014/12/15,3340,上海
2014/12/16,3340,上海
2014/12/17,3340,上海
2014/12/18,3340,上海
2014/12/19,3340,上海
2014/12/22,3340,上海
2014/12/23,3330,上海
2014/12/24,3320,上海
2014/12/25,3310,上海
2014/12/26,3310,上海
2014/12/29,3310,上海
2014/12/30,3310,上海
2014/12/31,3310,上海
2015/1/4,3310,上海
2015/1/5,3310,上海
2015/1/6,3300,上海
2015/1/7,3300,上海
2015/1/8,3290,上海
2015/1/9,3280,上海
2015/1/12,3270,上海
2015/1/13,3250,上海
2015/1/14,3230,上海
2015/1/15,3210,上海
2015/1/16,3200,上海
2015/1/19,3200,上海
2015/1/20,3180,上海
2015/1/21,3180,上海
2015/1/22,3180,上海
2015/1/23,3160,上海
2015/1/26,3160,上海
2015/1/27,3130,上海
2015/1/28,3130,上海
2015/1/29,3100,上海
2015/1/30,3100,上海
2015/2/2,3080,上海
2015/2/3,3080,上海
2015/2/4,3080,上海
2015/2/5,3060,上海
2015/2/6,3040,上海
2015/2/9,3040,上海
2015/2/10,3040,上海
2015/2/11,3040,上海
2015/2/12,3040,上海
2015/2/13,3040,上海
2015/2/15,3040,上海
2015/2/16,3040,上海
2015/2/17,3040,上海
2015/2/25,3040,上海
2015/2/26,3040,上海
2015/2/27,3040,上海
2015/2/28,3000,上海
2015/3/2,3000,上海
2015/3/3,3000,上海
2015/3/4,2990,上海
2015/3/5,2970,上海
2015/3/6,2970,上海
2015/3/9,2970,上海
2015/3/10,2970,上海
2015/3/11,2930,上海
2015/3/12,2930,上海
2015/3/13,2930,上海
2015/3/16,2930,上海
2015/3/17,2930,上海
2015/3/18,2930,上海
2015/3/19,2930,上海
2015/3/20,2930,上海
2015/3/23,2930,上海
2015/3/24,2940,上海
2015/3/25,2960,上海
2015/3/26,2960,上海
2015/3/27,2960,上海
2015/3/30,2940,上海
2015/3/31,2940,上海
2015/4/1,2940,上海
2015/4/2,2930,上海
2015/4/3,2930,上海
2015/4/7,2930,上海
2015/4/8,2910,上海
2015/4/9,2890,上海
2015/4/10,2890,上海
2015/4/13,2890,上海
2015/4/14,2900,上海
2015/4/15,2900,上海
2015/4/16,2900,上海
2015/4/17,2900,上海
2015/4/20,2900,上海
2015/4/21,2900,上海
2015/4/22,2900,上海
2015/4/23,2900,上海
2015/4/24,2910,上海
2015/4/27,2930,上海
2015/4/28,2930,上海
2015/4/29,2940,上海
2015/4/30,2940,上海
2015/5/4,2940,上海
2015/5/5,2940,上海
2015/5/6,2940,上海
2015/5/7,2940,上海
2015/5/8,2930,上海
2015/5/11,2930,上海
2015/5/12,2910,上海
2015/5/13,2910,上海
2015/5/14,2910,上海
2015/5/15,2910,上海
2015/5/18,2890,上海
2015/5/19,2890,上海
2015/5/20,2890,上海
2015/5/21,2880,上海
2015/5/22,2860,上海
2015/5/25,2860,上海
2015/5/26,2860,上海
2015/5/27,2860,上海
2015/5/28,2860,上海
2015/5/29,2860,上海
2015/6/1,2860,上海
2015/6/2,2860,上海
2015/6/3,2860,上海
2015/6/4,2860,上海
2015/6/5,2860,上海
2015/6/8,2830,上海
2015/6/9,2790,上海
2015/6/10,2790,上海
2015/6/11,2790,上海
2015/6/12,2760,上海
2015/6/15,2760,上海
2015/6/16,2760,上海
2015/6/17,2760,上海
2015/6/18,2740,上海
2015/6/19,2740,上海
2015/6/23,2720,上海
2015/6/24,2720,上海
2015/6/25,2700,上海
2015/6/26,2700,上海
2015/6/29,2700,上海
2015/6/30,2660,上海
2015/7/1,2660,上海
2015/7/2,2660,上海
2015/7/3,2660,上海
2015/7/6,2660,上海
2015/7/7,2640,上海
2015/7/8,2620,上海
2015/7/9,2620,上海
2015/7/10,2620,上海
2015/7/13,2620,上海
2015/7/14,2620,上海
2015/7/15,2590,上海
2015/7/16,2540,上海
2015/7/17,2540,上海
2015/7/20,2510,上海
2015/7/21,2510,上海
2015/7/22,2510,上海
2015/7/23,2510,上海
2015/7/24,2510,上海
2015/7/27,2510,上海
2015/7/28,2490,上海
2015/7/29,2490,上海
2015/7/30,2470,上海
2015/7/31,2470,上海
2015/8/3,2470,上海
2015/8/4,2470,上海
2015/8/5,2470,上海
2015/8/6,2470,上海
2015/8/7,2470,上海
2015/8/10,2470,上海
2015/8/11,2470,上海
2015/8/12,2470,上海
2015/8/13,2470,上海
2015/8/14,2470,上海
2015/8/17,2470,上海
2015/8/18,2470,上海
2015/8/19,2470,上海
2015/8/20,2470,上海
2015/8/21,2490,上海
2015/8/24,2490,上海
2015/8/25,2490,上海
2015/8/26,2490,上海
2015/8/27,2490,上海
2015/8/28,2490,上海
2015/8/31,2490,上海
2015/9/1,2490,上海
2015/9/2,2490,上海
2015/9/6,2490,上海
2015/9/7,2490,上海
2015/9/8,2490,上海
2015/9/9,2490,上海
2015/9/10,2490,上海
2015/9/11,2490,上海
2015/9/14,2490,上海
2015/9/15,2490,上海
2015/9/16,2490,上海
2015/9/17,2490,上海
2015/9/18,2490,上海
2015/9/21,2470,上海
2015/9/22,2470,上海
2015/9/23,2470,上海
2015/9/24,2450,上海
2015/9/25,2450,上海
2015/9/28,2450,上海
2015/9/29,2450,上海
2015/9/30,2450,上海
2015/10/8,2450,上海
2015/10/9,2420,上海
2015/10/10,2420,上海
2015/10/12,2420,上海
2015/10/13,2420,上海
2015/10/14,2420,上海
2015/10/15,2420,上海
2015/10/16,2420,上海
2015/10/19,2420,上海
2015/10/20,2420,上海
2015/10/21,2420,上海
2015/10/22,2420,上海
2015/10/23,2420,上海
2015/10/26,2420,上海
2015/10/27,2400,上海
2015/10/28,2400,上海
2015/10/29,2400,上海
2015/10/30,2400,上海
2015/11/2,2380,上海
2015/11/3,2380,上海
2015/11/4,2380,上海
2015/11/5,2380,上海
2015/11/6,2380,上海
2015/11/9,2380,上海
2015/11/10,2380,上海
2015/11/11,2380,上海
2015/11/12,2380,上海
2015/11/13,2380,上海
2015/11/16,2380,上海
2015/11/17,2380,上海
2015/11/18,2380,上海
2015/11/19,2380,上海
2015/11/20,2350,上海
2015/11/23,2330,上海
2015/11/24,2330,上海
2015/11/25,2310,上海
2015/11/26,2310,上海
2015/11/27,2310,上海
2015/11/30,2290,上海
2015/12/1,2290,上海
2015/12/2,2290,上海
2015/12/3,2290,上海
2015/12/4,2290,上海
2015/12/7,2290,上海
2015/12/8,2290,上海
2015/12/9,2290,上海
2015/12/10,2240,上海
2015/12/11,2190,上海
2015/12/14,2190,上海
2015/12/15,2190,上海
2015/12/16,2190,上海
2015/12/17,2190,上海
2015/12/23,2210,上海
2015/12/24,2210,上海
2015/12/25,2230,上海
2015/12/28,2230,上海
2015/12/29,2230,上海
2015/12/30,2230,上海
2015/12/31,2230,上海
2016/1/4,2230,上海
2016/1/5,2230,上海
2016/1/6,2230,上海
2016/1/7,2230,上海
2016/1/8,2230,上海
2016/1/11,2230,上海
2016/1/12,2230,上海
2016/1/13,2230,上海
2016/1/14,2230,上海
2016/1/18,2210,上海
2016/1/19,2210,上海
2016/1/20,2210,上海
2016/1/21,2210,上海
2016/1/22,2210,上海
2016/1/25,2210,上海
2016/1/26,2210,上海
2016/1/27,2210,上海
2016/1/28,2210,上海
2016/1/29,2210,上海
2016/2/1,2210,上海
2016/2/2,2210,上海
2016/2/3,2210,上海
2016/2/4,2210,上海
2016/2/5,2210,上海
2016/2/6,2210,上海
2016/2/14,2210,上海
2016/2/15,2210,上海
2016/2/16,2210,上海
2016/2/17,2210,上海
2016/2/18,2210,上海
2016/2/19,2210,上海
2016/2/22,2210,上海
2016/2/23,2280,上海
2016/2/24,2300,上海
2016/2/25,2300,上海
2016/2/26,2300,上海
2016/2/29,2300,上海
2016/3/1,2300,上海
2016/3/2,2300,上海
2016/3/3,2380,上海
2016/3/4,2500,上海
2016/3/7,2700,上海
2016/3/8,2840,上海
2016/3/9,2840,上海
2016/3/10,2840,上海
2016/3/11,2840,上海
2016/3/14,2790,上海
2016/3/15,2790,上海
2016/3/16,2740,上海
2016/3/17,2700,上海
2016/3/18,2780,上海
2016/3/21,2780,上海
2016/3/22,2780,上海
2016/3/23,2780,上海
2016/3/24,2800,上海
2016/3/25,2800,上海
2016/3/28,2800,上海
2016/3/29,2800,上海
2016/3/30,2800,上海
2016/3/31,2800,上海
2016/4/1,2800,上海
2016/4/5,2800,上海
2016/4/6,2800,上海
2016/4/7,2840,上海
2016/4/8,2840,上海
2016/4/11,2930,上海
2016/4/12,3010,上海
2016/4/13,3060,上海
2016/4/14,3090,上海
2016/4/15,3090,上海
2016/4/18,3130,上海
2016/4/19,3230,上海
2016/4/20,3380,上海
2016/4/21,3430,上海
2016/4/22,3430,上海
2016/4/25,3430,上海
2016/4/26,3430,上海
2016/4/27,3430,上海
2016/4/28,3370,上海
2016/4/29,3370,上海
2016/5/3,3370,上海
2016/5/4,3370,上海
2016/5/5,3370,上海
2016/5/6,3300,上海
2016/5/9,3200,上海
2016/5/10,3190,上海
2016/5/11,3190,上海
2016/5/12,3190,上海
2016/5/13,3190,上海
2016/5/16,3130,上海
2016/5/17,3130,上海
2016/5/18,3130,上海
2016/5/19,3130,上海
2016/5/20,3130,上海
2016/5/23,3100,上海
2016/5/24,3100,上海
2016/5/25,3100,上海
2016/5/26,3100,上海
2016/5/27,3100,上海
2016/5/30,3100,上海
2016/5/31,3100,上海
2016/6/1,3100,上海
2016/6/2,3080,上海
2016/6/3,3080,上海
2016/6/6,3080,上海
2016/6/7,3080,上海
2016/6/8,3080,上海
2016/6/12,3080,上海
2016/6/13,3080,上海
2016/6/14,3080,上海
2016/6/15,3080,上海
2016/6/16,3080,上海
2016/6/17,3030,上海
2016/6/20,3010,上海
2016/6/21,2980,上海
2016/6/22,2980,上海
2016/6/23,2980,上海
2016/6/24,2930,上海
2016/6/27,2930,上海
2016/6/28,2930,上海
2016/6/29,2900,上海
2016/6/30,2900,上海
2016/7/1,2870,上海
2016/7/4,2870,上海
2016/7/5,2870,上海
2016/7/6,2870,上海
2016/7/7,2850,上海
2016/7/8,2850,上海
2016/7/11,2850,上海
2016/7/12,2850,上海
2016/7/13,2880,上海
2016/7/14,2880,上海
2016/7/15,2880,上海
2016/7/18,2880,上海
2016/7/19,2880,上海
2016/7/20,2880,上海
2016/7/21,2880,上海
2016/7/22,2880,上海
2016/7/25,2850,上海
2016/7/26,2830,上海
2016/7/27,2830,上海
2016/7/28,2830,上海
2016/7/29,2830,上海
2016/8/1,2830,上海
2016/8/2,2830,上海
2016/8/3,2850,上海
2016/8/4,2850,上海
2016/8/5,2850,上海
2016/8/8,2870,上海
2016/8/9,2930,上海
2016/8/10,2930,上海
2016/8/11,2930,上海
2016/8/12,2910,上海
2016/8/15,2910,上海
2016/8/16,2910,上海
2016/8/17,2960,上海
2016/8/18,2930,上海
2016/8/19,2930,上海
2016/8/22,2940,上海
2016/8/23,2960,上海
2016/8/24,2960,上海
2016/8/25,2960,上海
2016/8/26,2950,上海
2016/8/29,2950,上海
2016/8/30,2950,上海
2016/8/31,2950,上海
2016/9/1,2950,上海
2016/9/2,2950,上海
2016/9/5,2950,上海
2016/9/6,2950,上海
2016/9/7,2950,上海
2016/9/8,2950,上海
2016/9/9,2950,上海
2016/9/12,2950,上海
2016/9/13,2930,上海
2016/9/14,2930,上海
2016/9/18,2930,上海
2016/9/19,2930,上海
2016/9/20,2910,上海
2016/9/21,2910,上海
2016/9/22,2900,上海
2016/9/23,2900,上海
2016/9/26,2900,上海
2016/9/27,2900,上海
2016/9/28,2900,上海
2016/9/29,2900,上海
2016/9/30,2900,上海
2016/10/8,2900,上海
2016/10/9,2900,上海
2016/10/10,2930,上海
2016/10/11,2930,上海
2016/10/12,2930,上海
2016/10/13,2950,上海
2016/10/14,2950,上海
2016/10/17,2970,上海
2016/10/18,2970,上海
2016/10/19,2990,上海
2016/10/20,2990,上海
2016/10/21,2990,上海
2016/10/24,2990,上海
2016/10/25,3010,上海
2016/10/26,3040,上海
2016/10/27,3040,上海
2016/10/28,3060,上海
2016/10/31,3060,上海
2016/11/1,3060,上海
2016/11/2,3090,上海
2016/11/3,3120,上海
2016/11/4,3160,上海
2016/11/7,3210,上海
2016/11/8,3290,上海
2016/11/9,3410,上海
2016/11/10,3460,上海
2016/11/11,3460,上海
2016/11/14,3460,上海
2016/11/15,3460,上海
2016/11/16,3440,上海
2016/11/17,3410,上海
2016/11/18,3410,上海
2016/11/21,3410,上海
2016/11/22,3430,上海
2016/11/23,3460,上海
2016/11/24,3490,上海
2016/11/25,3490,上海
2016/11/28,3630,上海
2014/1/2,4280,南京
2014/1/3,4280,南京
2014/1/6,4280,南京
2014/1/7,4280,南京
2014/1/8,4280,南京
2014/1/9,4280,南京
2014/1/10,4280,南京
2014/1/13,4280,南京
2014/1/14,4280,南京
2014/1/15,4280,南京
2014/1/16,4280,南京
2014/1/17,4280,南京
2014/1/20,4280,南京
2014/1/21,4280,南京
2014/1/22,4280,南京
2014/1/23,4280,南京
2014/1/24,4280,南京
2014/1/26,4280,南京
2014/1/27,4280,南京
2014/1/28,4280,南京
2014/1/29,4280,南京
2014/1/30,4280,南京
2014/2/7,4280,南京
2014/2/8,4280,南京
2014/2/10,4280,南京
2014/2/11,4280,南京
2014/2/12,4280,南京
2014/2/13,4280,南京
2014/2/14,4280,南京
2014/2/17,4280,南京
2014/2/18,4280,南京
2014/2/19,4330,南京
2014/2/20,4330,南京
2014/2/21,4330,南京
2014/2/24,4330,南京
2014/2/25,4330,南京
2014/2/26,4330,南京
2014/2/27,4330,南京
2014/2/28,4330,南京
2014/3/4,4330,南京
2014/3/5,4330,南京
2014/3/6,4330,南京
2014/3/7,4270,南京
2014/3/10,4270,南京
2014/3/11,4270,南京
2014/3/12,4270,南京
2014/3/13,4270,南京
2014/3/14,4270,南京
2014/3/17,4270,南京
2014/3/18,4270,南京
2014/3/19,4270,南京
2014/3/20,4270,南京
2014/3/21,4270,南京
2014/3/24,4270,南京
2014/3/25,4270,南京
2014/3/26,4270,南京
2014/3/27,4270,南京
2014/3/28,4270,南京
2014/3/31,4270,南京
2014/4/1,4270,南京
2014/4/2,4270,南京
2014/4/3,4270,南京
2014/4/4,4300,南京
2014/4/8,4330,南京
2014/4/9,4380,南京
2014/4/10,4380,南京
2014/4/11,4380,南京
2014/4/14,4380,南京
2014/4/15,4380,南京
2014/4/16,4380,南京
2014/4/17,4380,南京
2014/4/18,4380,南京
2014/4/22,4380,南京
2014/4/23,4330,南京
2014/4/24,4330,南京
2014/4/25,4330,南京
2014/4/28,4330,南京
2014/4/29,4330,南京
2014/4/30,4330,南京
2014/5/4,4330,南京
2014/5/5,4330,南京
2014/5/6,4330,南京
2014/5/7,4330,南京
2014/5/8,4330,南京
2014/5/9,4330,南京
2014/5/12,4330,南京
2014/5/13,4330,南京
2014/5/14,4330,南京
2014/5/15,4330,南京
2014/5/16,4280,南京
2014/5/19,4280,南京
2014/5/20,4280,南京
2014/5/21,4280,南京
2014/5/22,4280,南京
2014/5/23,4280,南京
2014/5/26,4280,南京
2014/5/27,4280,南京
2014/5/28,4280,南京
2014/5/29,4280,南京
2014/5/30,4280,南京
2014/6/3,4280,南京
2014/6/4,4280,南京
2014/6/5,4280,南京
2014/6/6,4280,南京
2014/6/9,4280,南京
2014/6/10,4280,南京
2014/6/11,4280,南京
2014/6/12,4280,南京
2014/6/13,4280,南京
2014/6/16,4280,南京
2014/6/17,4280,南京
2014/6/18,4280,南京
2014/6/19,4280,南京
2014/6/20,4280,南京
2014/6/23,4280,南京
2014/6/24,4280,南京
2014/6/25,4280,南京
2014/6/26,4280,南京
2014/6/27,4280,南京
2014/6/30,4280,南京
2014/7/1,4280,南京
2014/7/2,4280,南京
2014/7/3,4280,南京
2014/7/4,4280,南京
2014/7/7,4280,南京
2014/7/8,4280,南京
2014/7/9,4280,南京
2014/7/10,4280,南京
2014/7/11,4280,南京
2014/7/14,4280,南京
2014/7/15,4280,南京
2014/7/16,4280,南京
2014/7/17,4280,南京
2014/7/18,4280,南京
2014/7/21,4280,南京
2014/7/22,4280,南京
2014/7/23,4230,南京
2014/7/24,4230,南京
2014/7/25,4230,南京
2014/7/28,4230,南京
2014/7/29,4230,南京
2014/7/30,4230,南京
2014/7/31,4230,南京
2014/8/1,4230,南京
2014/8/4,4230,南京
2014/8/5,4230,南京
2014/8/6,4230,南京
2014/8/7,4230,南京
2014/8/8,4230,南京
2014/8/11,4230,南京
2014/8/12,4230,南京
2014/8/13,4230,南京
2014/8/14,4230,南京
2014/8/15,4230,南京
2014/8/18,4230,南京
2014/8/19,4230,南京
2014/8/20,4230,南京
2014/8/21,4230,南京
2014/8/22,4230,南京
2014/8/25,4230,南京
2014/8/26,4230,南京
2014/8/27,4230,南京
2014/8/28,4230,南京
2014/8/29,4230,南京
2014/9/1,4180,南京
2014/9/2,4180,南京
2014/9/3,4180,南京
2014/9/4,4180,南京
2014/9/5,4180,南京
2014/9/9,4080,南京
2014/9/10,4030,南京
2014/9/11,3980,南京
2014/9/12,3980,南京
2014/9/15,3980,南京
2014/9/16,3980,南京
2014/9/17,3980,南京
2014/9/18,3930,南京
2014/9/19,3900,南京
2014/9/22,3900,南京
2014/9/23,3870,南京
2014/9/24,3870,南京
2014/9/25,3870,南京
2014/9/26,3870,南京
2014/9/28,3820,南京
2014/9/29,3820,南京
2014/9/30,3820,南京
2014/10/8,3820,南京
2014/10/9,3820,南京
2014/10/10,3820,南京
2014/10/11,3820,南京
2014/10/13,3820,南京
2014/10/14,3820,南京
2014/10/15,3820,南京
2014/10/16,3820,南京
2014/10/17,3820,南京
2014/10/20,3820,南京
2014/10/21,3820,南京
2014/10/22,3820,南京
2014/10/23,3740,南京
2014/10/24,3720,南京
2014/10/27,3700,南京
2014/10/28,3700,南京
2014/10/29,3700,南京
2014/10/30,3700,南京
2014/10/31,3700,南京
2014/11/3,3700,南京
2014/11/4,3700,南京
2014/11/5,3700,南京
2014/11/6,3700,南京
2014/11/7,3700,南京
2014/11/10,3700,南京
2014/11/11,3700,南京
2014/11/12,3700,南京
2014/11/13,3700,南京
2014/11/14,3700,南京
2014/11/17,3700,南京
2014/11/18,3700,南京
2014/11/19,3700,南京
2014/11/20,3700,南京
2014/11/21,3700,南京
2014/11/24,3700,南京
2014/11/25,3700,南京
2014/11/26,3700,南京
2014/11/27,3700,南京
2014/11/28,3700,南京
2014/12/1,3700,南京
2014/12/2,3700,南京
2014/12/3,3700,南京
2014/12/4,3700,南京
2014/12/5,3700,南京
2014/12/8,3700,南京
2014/12/9,3700,南京
2014/12/10,3700,南京
2014/12/11,3700,南京
2014/12/12,3700,南京
2014/12/15,3700,南京
2014/12/16,3700,南京
2014/12/17,3700,南京
2014/12/18,3700,南京
2014/12/19,3700,南京
2014/12/22,3700,南京
2014/12/23,3700,南京
2014/12/24,3700,南京
2014/12/25,3700,南京
2014/12/26,3700,南京
2014/12/29,3700,南京
2014/12/30,3700,南京
2014/12/31,3700,南京
2015/1/4,3700,南京
2015/1/5,3700,南京
2015/1/6,3700,南京
2015/1/7,3700,南京
2015/1/8,3700,南京
2015/1/9,3650,南京
2015/1/12,3600,南京
2015/1/13,3600,南京
2015/1/14,3600,南京
2015/1/15,3550,南京
2015/1/16,3550,南京
2015/1/19,3550,南京
2015/1/20,3550,南京
2015/1/21,3550,南京
2015/1/22,3550,南京
2015/1/23,3550,南京
2015/1/26,3520,南京
2015/1/27,3520,南京
2015/1/28,3520,南京
2015/1/29,3520,南京
2015/1/30,3520,南京
2015/2/2,3520,南京
2015/2/3,3520,南京
2015/2/4,3520,南京
2015/2/5,3520,南京
2015/2/6,3520,南京
2015/2/9,3520,南京
2015/2/10,3520,南京
2015/2/11,3520,南京
2015/2/12,3520,南京
2015/2/13,3520,南京
2015/2/15,3520,南京
2015/2/16,3520,南京
2015/2/17,3520,南京
2015/2/25,3520,南京
2015/2/26,3520,南京
2015/2/27,3520,南京
2015/2/28,3520,南京
2015/3/2,3520,南京
2015/3/3,3520,南京
2015/3/4,3520,南京
2015/3/5,3470,南京
2015/3/6,3470,南京
2015/3/9,3420,南京
2015/3/10,3370,南京
2015/3/11,3320,南京
2015/3/12,3320,南京
2015/3/13,3320,南京
2015/3/16,3320,南京
2015/3/17,3320,南京
2015/3/18,3320,南京
2015/3/19,3320,南京
2015/3/20,3320,南京
2015/3/23,3320,南京
2015/3/24,3320,南京
2015/3/25,3320,南京
2015/3/26,3320,南京
2015/3/27,3320,南京
2015/3/30,3320,南京
2015/3/31,3320,南京
2015/4/1,3320,南京
2015/4/2,3320,南京
2015/4/3,3320,南京
2015/4/7,3320,南京
2015/4/8,3270,南京
2015/4/9,3270,南京
2015/4/10,3270,南京
2015/4/13,3270,南京
2015/4/14,3270,南京
2015/4/15,3270,南京
2015/4/16,3270,南京
2015/4/17,3270,南京
2015/4/20,3220,南京
2015/4/21,3220,南京
2015/4/22,3220,南京
2015/4/23,3220,南京
2015/4/24,3220,南京
2015/4/27,3220,南京
2015/4/28,3220,南京
2015/4/29,3220,南京
2015/4/30,3220,南京
2015/5/4,3220,南京
2015/5/5,3220,南京
2015/5/6,3220,南京
2015/5/7,3220,南京
2015/5/8,3220,南京
2015/5/11,3200,南京
2015/5/12,3200,南京
2015/5/13,3200,南京
2015/5/14,3200,南京
2015/5/15,3200,南京
2015/5/18,3200,南京
2015/5/19,3200,南京
2015/5/20,3150,南京
2015/5/21,3150,南京
2015/5/22,3150,南京
2015/5/25,3150,南京
2015/5/26,3150,南京
2015/5/27,3150,南京
2015/5/28,3150,南京
2015/5/29,3150,南京
2015/6/1,3150,南京
2015/6/2,3150,南京
2015/6/3,3100,南京
2015/6/4,3100,南京
2015/6/5,3100,南京
2015/6/8,3070,南京
2015/6/9,3070,南京
2015/6/10,3070,南京
2015/6/11,3070,南京
2015/6/12,3070,南京
2015/6/15,3070,南京
2015/6/16,3070,南京
2015/6/17,3070,南京
2015/6/18,3070,南京
2015/6/19,3070,南京
2015/6/23,3070,南京
2015/6/24,3050,南京
2015/6/25,3050,南京
2015/6/26,3050,南京
2015/6/29,3030,南京
2015/6/30,3030,南京
2015/7/1,3030,南京
2015/7/2,3030,南京
2015/7/3,3030,南京
2015/7/6,2980,南京
2015/7/7,2930,南京
2015/7/8,2880,南京
2015/7/9,2850,南京
2015/7/10,2850,南京
2015/7/13,2850,南京
2015/7/14,2800,南京
2015/7/15,2800,南京
2015/7/16,2750,南京
2015/7/17,2720,南京
2015/7/20,2720,南京
2015/7/21,2720,南京
2015/7/22,2700,南京
2015/7/23,2700,南京
2015/7/24,2700,南京
2015/7/27,2680,南京
2015/7/28,2680,南京
2015/7/29,2660,南京
2015/7/30,2660,南京
2015/7/31,2660,南京
2015/8/3,2660,南京
2015/8/4,2660,南京
2015/8/5,2660,南京
2015/8/6,2660,南京
2015/8/7,2660,南京
2015/8/10,2660,南京
2015/8/11,2660,南京
2015/8/12,2660,南京
2015/8/13,2660,南京
2015/8/14,2660,南京
2015/8/17,2660,南京
2015/8/18,2660,南京
2015/8/19,2660,南京
2015/8/20,2660,南京
2015/8/21,2660,南京
2015/8/24,2610,南京
2015/8/25,2610,南京
2015/8/26,2610,南京
2015/8/27,2610,南京
2015/8/28,2610,南京
2015/8/31,2610,南京
2015/9/1,2610,南京
2015/9/2,2580,南京
2015/9/6,2580,南京
2015/9/7,2580,南京
2015/9/8,2580,南京
2015/9/9,2580,南京
2015/9/10,2580,南京
2015/9/11,2580,南京
2015/9/14,2580,南京
2015/9/15,2580,南京
2015/9/16,2580,南京
2015/9/17,2560,南京
2015/9/18,2560,南京
2015/9/21,2560,南京
2015/9/22,2560,南京
2015/9/23,2560,南京
2015/9/24,2560,南京
2015/9/25,2560,南京
2015/9/28,2560,南京
2015/9/29,2560,南京
2015/9/30,2560,南京
2015/10/8,2560,南京
2015/10/9,2560,南京
2015/10/10,2560,南京
2015/10/12,2560,南京
2015/10/13,2560,南京
2015/10/14,2560,南京
2015/10/15,2560,南京
2015/10/16,2560,南京
2015/10/19,2560,南京
2015/10/20,2560,南京
2015/10/21,2560,南京
2015/10/22,2560,南京
2015/10/23,2560,南京
2015/10/26,2560,南京
2015/10/27,2560,南京
2015/10/28,2560,南京
2015/10/29,2560,南京
2015/10/30,2560,南京
2015/11/2,2530,南京
2015/11/3,2530,南京
2015/11/4,2510,南京
2015/11/5,2510,南京
2015/11/6,2510,南京
2015/11/9,2510,南京
2015/11/10,2480,南京
2015/11/11,2470,南京
2015/11/12,2470,南京
2015/11/13,2470,南京
2015/11/16,2470,南京
2015/11/17,2440,南京
2015/11/18,2420,南京
2015/11/19,2400,南京
2015/11/20,2370,南京
2015/11/23,2350,南京
2015/11/24,2350,南京
2015/11/25,2350,南京
2015/11/26,2350,南京
2015/11/27,2320,南京
2015/11/30,2290,南京
2015/12/1,2290,南京
2015/12/2,2270,南京
2015/12/3,2250,南京
2015/12/4,2230,南京
2015/12/7,2230,南京
2015/12/8,2230,南京
2015/12/9,2230,南京
2015/12/10,2230,南京
2015/12/11,2230,南京
2015/12/14,2230,南京
2015/12/15,2230,南京
2015/12/16,2230,南京
2015/12/17,2260,南京
2015/12/23,2260,南京
2015/12/24,2290,南京
2015/12/25,2290,南京
2015/12/28,2290,南京
2015/12/29,2290,南京
2015/12/30,2290,南京
2015/12/31,2290,南京
2016/1/4,2290,南京
2016/1/5,2340,南京
2016/1/6,2390,南京
2016/1/7,2420,南京
2016/1/8,2420,南京
2016/1/11,2420,南京
2016/1/12,2420,南京
2016/1/13,2420,南京
2016/1/14,2420,南京
2016/1/18,2420,南京
2016/1/19,2420,南京
2016/1/20,2420,南京
2016/1/21,2420,南京
2016/1/22,2420,南京
2016/1/25,2420,南京
2016/1/26,2420,南京
2016/1/27,2420,南京
2016/1/28,2420,南京
2016/1/29,2420,南京
2016/2/1,2420,南京
2016/2/2,2420,南京
2016/2/3,2420,南京
2016/2/4,2420,南京
2016/2/5,2420,南京
2016/2/6,2420,南京
2016/2/14,2420,南京
2016/2/15,2420,南京
2016/2/16,2420,南京
2016/2/17,2420,南京
2016/2/18,2420,南京
2016/2/19,2470,南京
2016/2/22,2470,南京
2016/2/23,2470,南京
2016/2/24,2470,南京
2016/2/25,2470,南京
2016/2/26,2470,南京
2016/2/29,2470,南京
2016/3/1,2470,南京
2016/3/2,2470,南京
2016/3/3,2570,南京
2016/3/4,2670,南京
2016/3/7,2970,南京
2016/3/8,2920,南京
2016/3/9,2920,南京
2016/3/10,2920,南京
2016/3/11,2920,南京
2016/3/14,2920,南京
2016/3/15,2920,南京
2016/3/16,2920,南京
2016/3/17,2920,南京
2016/3/18,2920,南京
2016/3/21,2920,南京
2016/3/22,2970,南京
2016/3/23,2970,南京
2016/3/24,2970,南京
2016/3/25,2970,南京
2016/3/28,2970,南京
2016/3/29,2970,南京
2016/3/30,2970,南京
2016/3/31,2970,南京
2016/4/1,2970,南京
2016/4/5,3050,南京
2016/4/6,3050,南京
2016/4/7,3050,南京
2016/4/8,3050,南京
2016/4/11,3150,南京
2016/4/12,3200,南京
2016/4/13,3200,南京
2016/4/14,3200,南京
2016/4/15,3200,南京
2016/4/18,3250,南京
2016/4/19,3300,南京
2016/4/20,3500,南京
2016/4/21,3500,南京
2016/4/22,3500,南京
2016/4/25,3500,南京
2016/4/26,3500,南京
2016/4/27,3450,南京
2016/4/28,3450,南京
2016/4/29,3450,南京
2016/5/3,3450,南京
2016/5/4,3450,南京
2016/5/5,3380,南京
2016/5/6,3280,南京
2016/5/9,3220,南京
2016/5/10,3220,南京
2016/5/11,3220,南京
2016/5/12,3170,南京
2016/5/13,3170,南京
2016/5/16,3170,南京
2016/5/17,3170,南京
2016/5/18,3070,南京
2016/5/19,2930,南京
2016/5/20,2930,南京
2016/5/23,2930,南京
2016/5/24,2930,南京
2016/5/25,2880,南京
2016/5/26,2880,南京
2016/5/27,2880,南京
2016/5/30,2880,南京
2016/5/31,2880,南京
2016/6/1,2880,南京
2016/6/2,2880,南京
2016/6/3,2880,南京
2016/6/6,2880,南京
2016/6/7,2880,南京
2016/6/8,2880,南京
2016/6/12,2880,南京
2016/6/13,2880,南京
2016/6/14,2880,南京
2016/6/15,2830,南京
2016/6/16,2830,南京
2016/6/17,2830,南京
2016/6/20,2800,南京
2016/6/21,2800,南京
2016/6/22,2800,南京
2016/6/23,2800,南京
2016/6/24,2800,南京
2016/6/27,2800,南京
2016/6/28,2800,南京
2016/6/29,2800,南京
2016/6/30,2800,南京
2016/7/1,2800,南京
2016/7/4,2800,南京
2016/7/5,2800,南京
2016/7/6,2800,南京
2016/7/7,2800,南京
2016/7/8,2800,南京
2016/7/11,2800,南京
2016/7/12,2800,南京
2016/7/13,2800,南京
2016/7/14,2800,南京
2016/7/15,2800,南京
2016/7/18,2800,南京
2016/7/19,2900,南京
2016/7/20,2950,南京
2016/7/21,2950,南京
2016/7/22,2950,南京
2016/7/25,2950,南京
2016/7/26,2950,南京
2016/7/27,2950,南京
2016/7/28,2950,南京
2016/7/29,2950,南京
2016/8/1,2950,南京
2016/8/2,2970,南京
2016/8/3,2970,南京
2016/8/4,2970,南京
2016/8/5,2990,南京
2016/8/8,2990,南京
2016/8/9,3040,南京
2016/8/10,3070,南京
2016/8/11,3100,南京
2016/8/12,3100,南京
2016/8/15,3110,南京
2016/8/16,3150,南京
2016/8/17,3150,南京
2016/8/18,3150,南京
2016/8/19,3150,南京
2016/8/22,3150,南京
2016/8/23,3150,南京
2016/8/24,3150,南京
2016/8/25,3150,南京
2016/8/26,3150,南京
2016/8/29,3150,南京
2016/8/30,3150,南京
2016/8/31,3130,南京
2016/9/1,3130,南京
2016/9/2,3130,南京
2016/9/5,3130,南京
2016/9/6,3130,南京
2016/9/7,3130,南京
2016/9/8,3130,南京
2016/9/9,3130,南京
2016/9/12,3130,南京
2016/9/13,3110,南京
2016/9/14,3110,南京
2016/9/18,3110,南京
2016/9/19,3110,南京
2016/9/20,3070,南京
2016/9/21,3070,南京
2016/9/22,3070,南京
2016/9/23,3070,南京
2016/9/26,3070,南京
2016/9/27,3070,南京
2016/9/28,3070,南京
2016/9/29,3070,南京
2016/9/30,3070,南京
2016/10/8,3070,南京
2016/10/9,3070,南京
2016/10/10,3070,南京
2016/10/11,3070,南京
2016/10/12,3070,南京
2016/10/13,3070,南京
2016/10/14,3070,南京
2016/10/17,3120,南京
2016/10/18,3170,南京
2016/10/19,3200,南京
2016/10/20,3200,南京
2016/10/21,3200,南京
2016/10/24,3200,南京
2016/10/25,3230,南京
2016/10/26,3230,南京
2016/10/27,3230,南京
2016/10/28,3230,南京
2016/10/31,3230,南京
2016/11/1,3250,南京
2016/11/2,3250,南京
2016/11/3,3250,南京
2016/11/4,3330,南京
2016/11/7,3330,南京
2016/11/8,3430,南京
2016/11/9,3530,南京
2016/11/10,3530,南京
2016/11/11,3530,南京
2016/11/14,3530,南京
2016/11/15,3530,南京
2016/11/16,3530,南京
2016/11/17,3530,南京
2016/11/18,3530,南京
2016/11/21,3530,南京
2016/11/22,3530,南京
2016/11/23,3530,南京
2016/11/24,3530,南京
2016/11/25,3730,南京
2014/1/2,4080,广州
2014/1/3,4080,广州
2014/1/6,4080,广州
2014/1/7,4080,广州
2014/1/8,4080,广州
2014/1/9,4080,广州
2014/1/10,4080,广州
2014/1/13,4080,广州
2014/1/14,4080,广州
2014/1/15,4080,广州
2014/1/16,4080,广州
2014/1/17,4080,广州
2014/1/20,4080,广州
2014/1/21,4080,广州
2014/1/22,4080,广州
2014/1/23,4080,广州
2014/1/24,4080,广州
2014/1/26,4080,广州
2014/1/27,4080,广州
2014/1/28,4080,广州
2014/1/29,4080,广州
2014/1/30,4080,广州
2014/2/7,4080,广州
2014/2/8,4080,广州
2014/2/10,4080,广州
2014/2/11,4080,广州
2014/2/12,4080,广州
2014/2/13,4080,广州
2014/2/14,4080,广州
2014/2/17,4080,广州
2014/2/18,4080,广州
2014/2/19,4080,广州
2014/2/20,4080,广州
2014/2/21,4080,广州
2014/2/24,4080,广州
2014/2/25,4080,广州
2014/2/26,4080,广州
2014/2/27,4080,广州
2014/2/28,4080,广州
2014/3/4,4060,广州
2014/3/5,4060,广州
2014/3/6,4060,广州
2014/3/7,4060,广州
2014/3/10,4060,广州
2014/3/11,4060,广州
2014/3/12,4060,广州
2014/3/13,4060,广州
2014/3/14,4060,广州
2014/3/17,4060,广州
2014/3/18,4060,广州
2014/3/19,4060,广州
2014/3/20,4060,广州
2014/3/21,4060,广州
2014/3/24,4060,广州
2014/3/25,4060,广州
2014/3/26,4060,广州
2014/3/27,4060,广州
2014/3/28,4060,广州
2014/3/31,4060,广州
2014/4/1,4060,广州
2014/4/2,4060,广州
2014/4/3,4060,广州
2014/4/4,4060,广州
2014/4/8,4060,广州
2014/4/9,4060,广州
2014/4/10,4080,广州
2014/4/11,4080,广州
2014/4/14,4080,广州
2014/4/15,4080,广州
2014/4/16,4080,广州
2014/4/17,4080,广州
2014/4/18,4080,广州
2014/4/22,4080,广州
2014/4/23,4080,广州
2014/4/24,4080,广州
2014/4/25,4080,广州
2014/4/28,4080,广州
2014/4/29,4060,广州
2014/4/30,4060,广州
2014/5/4,4060,广州
2014/5/5,4060,广州
2014/5/6,4060,广州
2014/5/7,4060,广州
2014/5/8,4060,广州
2014/5/9,4060,广州
2014/5/12,4060,广州
2014/5/13,4060,广州
2014/5/14,4060,广州
2014/5/15,4060,广州
2014/5/16,4060,广州
2014/5/19,4060,广州
2014/5/20,4060,广州
2014/5/21,4060,广州
2014/5/22,4060,广州
2014/5/23,4060,广州
2014/5/26,4060,广州
2014/5/27,4060,广州
2014/5/28,4060,广州
2014/5/29,4060,广州
2014/5/30,4060,广州
2014/6/3,4060,广州
2014/6/4,4060,广州
2014/6/5,4060,广州
2014/6/6,4060,广州
2014/6/9,4060,广州
2014/6/10,4060,广州
2014/6/11,4060,广州
2014/6/12,4060,广州
2014/6/13,4060,广州
2014/6/16,4060,广州
2014/6/17,4060,广州
2014/6/18,4060,广州
2014/6/19,4060,广州
2014/6/20,4060,广州
2014/6/23,4060,广州
2014/6/24,4040,广州
2014/6/25,4040,广州
2014/6/26,4040,广州
2014/6/27,4040,广州
2014/6/30,4040,广州
2014/7/1,4040,广州
2014/7/2,4040,广州
2014/7/3,4040,广州
2014/7/4,4040,广州
2014/7/7,4040,广州
2014/7/8,4020,广州
2014/7/9,4020,广州
2014/7/10,4020,广州
2014/7/11,4020,广州
2014/7/14,4020,广州
2014/7/15,4020,广州
2014/7/16,4020,广州
2014/7/17,4020,广州
2014/7/18,4020,广州
2014/7/21,4020,广州
2014/7/22,4020,广州
2014/7/23,4020,广州
2014/7/24,4020,广州
2014/7/25,4020,广州
2014/7/28,4020,广州
2014/7/29,4020,广州
2014/7/30,4020,广州
2014/7/31,4020,广州
2014/8/1,4020,广州
2014/8/4,4020,广州
2014/8/5,4020,广州
2014/8/6,4020,广州
2014/8/7,4020,广州
2014/8/8,4020,广州
2014/8/11,4020,广州
2014/8/12,4020,广州
2014/8/13,4020,广州
2014/8/14,4020,广州
2014/8/15,4000,广州
2014/8/18,4000,广州
2014/8/19,4000,广州
2014/8/20,3980,广州
2014/8/21,3980,广州
2014/8/22,3960,广州
2014/8/25,3960,广州
2014/8/26,3960,广州
2014/8/27,3950,广州
2014/8/28,3950,广州
2014/8/29,3950,广州
2014/9/1,3940,广州
2014/9/2,3940,广州
2014/9/3,3940,广州
2014/9/4,3940,广州
2014/9/5,3940,广州
2014/9/9,3940,广州
2014/9/10,3940,广州
2014/9/11,3930,广州
2014/9/12,3930,广州
2014/9/15,3930,广州
2014/9/16,3930,广州
2014/9/17,3930,广州
2014/9/18,3930,广州
2014/9/19,3900,广州
2014/9/22,3900,广州
2014/9/23,3900,广州
2014/9/24,3900,广州
2014/9/25,3900,广州
2014/9/26,3900,广州
2014/9/28,3900,广州
2014/9/29,3900,广州
2014/9/30,3900,广州
2014/10/8,3900,广州
2014/10/9,3900,广州
2014/10/10,3870,广州
2014/10/11,3870,广州
2014/10/13,3870,广州
2014/10/14,3870,广州
2014/10/15,3840,广州
2014/10/16,3840,广州
2014/10/17,3840,广州
2014/10/20,3840,广州
2014/10/21,3840,广州
2014/10/22,3840,广州
2014/10/23,3840,广州
2014/10/24,3840,广州
2014/10/27,3840,广州
2014/10/28,3840,广州
2014/10/29,3840,广州
2014/10/30,3840,广州
2014/10/31,3840,广州
2014/11/3,3840,广州
2014/11/4,3840,广州
2014/11/5,3840,广州
2014/11/6,3840,广州
2014/11/7,3840,广州
2014/11/10,3840,广州
2014/11/11,3840,广州
2014/11/12,3840,广州
2014/11/13,3830,广州
2014/11/14,3800,广州
2014/11/17,3770,广州
2014/11/18,3770,广州
2014/11/19,3770,广州
2014/11/20,3750,广州
2014/11/21,3750,广州
2014/11/24,3750,广州
2014/11/25,3750,广州
2014/11/26,3750,广州
2014/11/27,3720,广州
2014/11/28,3670,广州
2014/12/1,3650,广州
2014/12/2,3650,广州
2014/12/3,3650,广州
2014/12/4,3650,广州
2014/12/5,3650,广州
2014/12/8,3650,广州
2014/12/9,3640,广州
2014/12/10,3640,广州
2014/12/11,3640,广州
2014/12/12,3640,广州
2014/12/15,3640,广州
2014/12/16,3640,广州
2014/12/17,3640,广州
2014/12/18,3640,广州
2014/12/19,3640,广州
2014/12/22,3630,广州
2014/12/23,3630,广州
2014/12/24,3630,广州
2014/12/25,3630,广州
2014/12/26,3630,广州
2014/12/29,3630,广州
2014/12/30,3630,广州
2014/12/31,3630,广州
2015/1/4,3630,广州
2015/1/5,3630,广州
2015/1/6,3630,广州
2015/1/7,3630,广州
2015/1/8,3590,广州
2015/1/9,3590,广州
2015/1/12,3590,广州
2015/1/13,3590,广州
2015/1/14,3590,广州
2015/1/15,3560,广州
2015/1/16,3560,广州
2015/1/19,3560,广州
2015/1/20,3540,广州
2015/1/21,3540,广州
2015/1/22,3510,广州
2015/1/23,3510,广州
2015/1/26,3510,广州
2015/1/27,3490,广州
2015/1/28,3490,广州
2015/1/29,3490,广州
2015/1/30,3490,广州
2015/2/2,3490,广州
2015/2/3,3490,广州
2015/2/4,3490,广州
2015/2/5,3490,广州
2015/2/6,3490,广州
2015/2/9,3490,广州
2015/2/10,3490,广州
2015/2/11,3490,广州
2015/2/12,3490,广州
2015/2/13,3490,广州
2015/2/15,3490,广州
2015/2/16,3490,广州
2015/2/17,3490,广州
2015/2/25,3490,广州
2015/2/26,3490,广州
2015/2/27,3440,广州
2015/2/28,3390,广州
2015/3/2,3390,广州
2015/3/3,3390,广州
2015/3/4,3390,广州
2015/3/5,3390,广州
2015/3/6,3390,广州
2015/3/9,3340,广州
2015/3/10,3340,广州
2015/3/11,3340,广州
2015/3/12,3340,广州
2015/3/13,3340,广州
2015/3/16,3340,广州
2015/3/17,3340,广州
2015/3/18,3290,广州
2015/3/19,3290,广州
2015/3/20,3240,广州
2015/3/23,3240,广州
2015/3/24,3240,广州
2015/3/25,3240,广州
2015/3/26,3240,广州
2015/3/27,3210,广州
2015/3/30,3180,广州
2015/3/31,3180,广州
2015/4/1,3180,广州
2015/4/2,3180,广州
2015/4/3,3180,广州
2015/4/7,3180,广州
2015/4/8,3150,广州
2015/4/9,3150,广州
2015/4/10,3150,广州
2015/4/13,3150,广州
2015/4/14,3150,广州
2015/4/15,3150,广州
2015/4/16,3150,广州
2015/4/17,3150,广州
2015/4/20,3120,广州
2015/4/21,3120,广州
2015/4/22,3120,广州
2015/4/23,3120,广州
2015/4/24,3120,广州
2015/4/27,3090,广州
2015/4/28,3090,广州
2015/4/29,3090,广州
2015/4/30,3090,广州
2015/5/4,3090,广州
2015/5/5,3090,广州
2015/5/6,3060,广州
2015/5/7,3060,广州
2015/5/8,3060,广州
2015/5/11,3060,广州
2015/5/12,3040,广州
2015/5/13,3040,广州
2015/5/14,3040,广州
2015/5/15,3040,广州
2015/5/18,3040,广州
2015/5/19,3040,广州
2015/5/20,3040,广州
2015/5/21,3040,广州
2015/5/22,3040,广州
2015/5/25,3020,广州
2015/5/26,3020,广州
2015/5/27,3020,广州
2015/5/28,3020,广州
2015/5/29,3020,广州
2015/6/1,2990,广州
2015/6/2,2990,广州
2015/6/3,2960,广州
2015/6/4,2960,广州
2015/6/5,2960,广州
2015/6/8,2960,广州
2015/6/9,2940,广州
2015/6/10,2940,广州
2015/6/11,2940,广州
2015/6/12,2940,广州
2015/6/15,2910,广州
2015/6/16,2910,广州
2015/6/17,2880,广州
2015/6/18,2860,广州
2015/6/19,2840,广州
2015/6/23,2840,广州
2015/6/24,2810,广州
2015/6/25,2800,广州
2015/6/26,2800,广州
2015/6/29,2800,广州
2015/6/30,2780,广州
2015/7/1,2760,广州
2015/7/2,2740,广州
2015/7/3,2710,广州
2015/7/6,2690,广州
2015/7/7,2660,广州
2015/7/8,2630,广州
2015/7/9,2630,广州
2015/7/10,2630,广州
2015/7/13,2580,广州
2015/7/14,2580,广州
2015/7/15,2540,广州
2015/7/16,2530,广州
2015/7/17,2530,广州
2015/7/20,2530,广州
2015/7/21,2530,广州
2015/7/22,2530,广州
2015/7/23,2500,广州
2015/7/24,2500,广州
2015/7/27,2470,广州
2015/7/28,2460,广州
2015/7/29,2460,广州
2015/7/30,2460,广州
2015/7/31,2460,广州
2015/8/3,2460,广州
2015/8/4,2430,广州
2015/8/5,2410,广州
2015/8/6,2410,广州
2015/8/7,2410,广州
2015/8/10,2410,广州
2015/8/11,2420,广州
2015/8/12,2440,广州
2015/8/13,2440,广州
2015/8/14,2440,广州
2015/8/17,2440,广州
2015/8/18,2440,广州
2015/8/19,2440,广州
2015/8/20,2420,广州
2015/8/21,2420,广州
2015/8/24,2410,广州
2015/8/25,2410,广州
2015/8/26,2400,广州
2015/8/27,2400,广州
2015/8/28,2400,广州
2015/8/31,2400,广州
2015/9/1,2400,广州
2015/9/2,2400,广州
2015/9/6,2400,广州
2015/9/7,2400,广州
2015/9/8,2390,广州
2015/9/9,2390,广州
2015/9/10,2380,广州
2015/9/11,2380,广州
2015/9/14,2380,广州
2015/9/15,2370,广州
2015/9/16,2370,广州
2015/9/17,2370,广州
2015/9/18,2360,广州
2015/9/21,2340,广州
2015/9/22,2340,广州
2015/9/23,2340,广州
2015/9/24,2340,广州
2015/9/25,2340,广州
2015/9/28,2330,广州
2015/9/29,2330,广州
2015/9/30,2330,广州
2015/10/8,2310,广州
2015/10/9,2310,广州
2015/10/10,2310,广州
2015/10/12,2280,广州
2015/10/13,2280,广州
2015/10/14,2280,广州
2015/10/15,2280,广州
2015/10/16,2280,广州
2015/10/19,2280,广州
2015/10/20,2280,广州
2015/10/21,2270,广州
2015/10/22,2270,广州
2015/10/23,2270,广州
2015/10/26,2280,广州
2015/10/27,2280,广州
2015/10/28,2280,广州
2015/10/29,2280,广州
2015/10/30,2270,广州
2015/11/2,2270,广州
2015/11/3,2270,广州
2015/11/4,2270,广州
2015/11/5,2270,广州
2015/11/6,2270,广州
2015/11/9,2260,广州
2015/11/10,2230,广州
2015/11/11,2230,广州
2015/11/12,2220,广州
2015/11/13,2210,广州
2015/11/16,2210,广州
2015/11/17,2210,广州
2015/11/18,2210,广州
2015/11/19,2210,广州
2015/11/20,2210,广州
2015/11/23,2210,广州
2015/11/24,2210,广州
2015/11/25,2210,广州
2015/11/26,2200,广州
2015/11/27,2200,广州
2015/11/30,2200,广州
2015/12/1,2200,广州
2015/12/2,2200,广州
2015/12/3,2200,广州
2015/12/4,2200,广州
2015/12/7,2200,广州
2015/12/8,2210,广州
2015/12/9,2210,广州
2015/12/10,2210,广州
2015/12/11,2210,广州
2015/12/14,2210,广州
2015/12/15,2210,广州
2015/12/16,2210,广州
2015/12/17,2190,广州
2015/12/23,2190,广州
2015/12/24,2190,广州
2015/12/25,2190,广州
2015/12/28,2200,广州
2015/12/29,2200,广州
2015/12/30,2200,广州
2015/12/31,2200,广州
2016/1/4,2270,广州
2016/1/5,2270,广州
2016/1/6,2290,广州
2016/1/7,2290,广州
2016/1/8,2310,广州
2016/1/11,2310,广州
2016/1/12,2290,广州
2016/1/13,2270,广州
2016/1/14,2270,广州
2016/1/18,2270,广州
2016/1/19,2270,广州
2016/1/20,2270,广州
2016/1/21,2270,广州
2016/1/22,2310,广州
2016/1/25,2310,广州
2016/1/26,2310,广州
2016/1/27,2310,广州
2016/1/28,2310,广州
2016/1/29,2310,广州
2016/2/1,2310,广州
2016/2/2,2310,广州
2016/2/3,2310,广州
2016/2/4,2310,广州
2016/2/5,2310,广州
2016/2/6,2310,广州
2016/2/14,2310,广州
2016/2/15,2310,广州
2016/2/16,2360,广州
2016/2/17,2360,广州
2016/2/18,2360,广州
2016/2/19,2390,广州
2016/2/22,2420,广州
2016/2/23,2420,广州
2016/2/24,2460,广州
2016/2/25,2460,广州
2016/2/26,2460,广州
2016/2/29,2460,广州
2016/3/1,2460,广州
2016/3/2,2460,广州
2016/3/3,2460,广州
2016/3/4,2610,广州
2016/3/7,2760,广州
2016/3/8,2760,广州
2016/3/9,2760,广州
2016/3/10,2780,广州
2016/3/11,2780,广州
2016/3/14,2780,广州
2016/3/15,2780,广州
2016/3/16,2780,广州
2016/3/17,2780,广州
2016/3/18,2780,广州
2016/3/21,2780,广州
2016/3/22,2780,广州
2016/3/23,2780,广州
2016/3/24,2810,广州
2016/3/25,2810,广州
2016/3/28,2810,广州
2016/3/29,2830,广州
2016/3/30,2830,广州
2016/3/31,2830,广州
2016/4/1,2830,广州
2016/4/5,2830,广州
2016/4/6,2830,广州
2016/4/7,2830,广州
2016/4/8,2930,广州
2016/4/11,2930,广州
2016/4/12,2930,广州
2016/4/13,2930,广州
2016/4/14,2930,广州
2016/4/15,2990,广州
2016/4/18,3020,广州
2016/4/19,3120,广州
2016/4/20,3220,广州
2016/4/21,3240,广州
2016/4/22,3260,广州
2016/4/25,3260,广州
2016/4/26,3260,广州
2016/4/27,3210,广州
2016/4/28,3210,广州
2016/4/29,3210,广州
2016/5/3,3210,广州
2016/5/4,3190,广州
2016/5/5,3190,广州
2016/5/6,3160,广州
2016/5/9,3110,广州
2016/5/10,3150,广州
2016/5/11,3150,广州
2016/5/12,3090,广州
2016/5/13,3090,广州
2016/5/16,3060,广州
2016/5/17,3060,广州
2016/5/18,3060,广州
2016/5/19,3060,广州
2016/5/20,3010,广州
2016/5/23,3010,广州
2016/5/24,2960,广州
2016/5/25,2960,广州
2016/5/26,2960,广州
2016/5/27,2930,广州
2016/5/30,2900,广州
2016/5/31,2880,广州
2016/6/1,2830,广州
2016/6/2,2830,广州
2016/6/3,2830,广州
2016/6/6,2810,广州
2016/6/7,2810,广州
2016/6/8,2810,广州
2016/6/12,2810,广州
2016/6/13,2810,广州
2016/6/14,2790,广州
2016/6/15,2790,广州
2016/6/16,2790,广州
2016/6/17,2760,广州
2016/6/20,2760,广州
2016/6/21,2760,广州
2016/6/22,2760,广州
2016/6/23,2760,广州
2016/6/24,2790,广州
2016/6/27,2790,广州
2016/6/28,2810,广州
2016/6/29,2810,广州
2016/6/30,2860,广州
2016/7/1,2860,广州
2016/7/4,2830,广州
2016/7/5,2830,广州
2016/7/6,2830,广州
2016/7/7,2830,广州
2016/7/8,2850,广州
2016/7/11,2870,广州
2016/7/12,2870,广州
2016/7/13,2870,广州
2016/7/14,2870,广州
2016/7/15,2870,广州
2016/7/18,2860,广州
2016/7/19,2860,广州
2016/7/20,2860,广州
2016/7/21,2860,广州
2016/7/22,2870,广州
2016/7/25,2870,广州
2016/7/26,2870,广州
2016/7/27,2870,广州
2016/7/28,2870,广州
2016/7/29,2870,广州
2016/8/1,2870,广州
2016/8/2,2870,广州
2016/8/3,2870,广州
2016/8/4,2890,广州
2016/8/5,2910,广州
2016/8/8,2910,广州
2016/8/9,2910,广州
2016/8/10,2910,广州
2016/8/11,2910,广州
2016/8/12,2910,广州
2016/8/15,2910,广州
2016/8/16,2930,广州
2016/8/17,2930,广州
2016/8/18,2950,广州
2016/8/19,2950,广州
2016/8/22,3000,广州
2016/8/23,3000,广州
2016/8/24,3010,广州
2016/8/25,3010,广州
2016/8/26,3010,广州
2016/8/29,3030,广州
2016/8/30,3030,广州
2016/8/31,3030,广州
2016/9/1,3050,广州
2016/9/2,3050,广州
2016/9/5,3100,广州
2016/9/6,3100,广州
2016/9/7,3100,广州
2016/9/8,3100,广州
2016/9/9,3100,广州
2016/9/12,3100,广州
2016/9/13,3100,广州
2016/9/14,3090,广州
2016/9/18,3080,广州
2016/9/19,3080,广州
2016/9/20,3080,广州
2016/9/21,3080,广州
2016/9/22,3100,广州
2016/9/23,3090,广州
2016/9/26,3090,广州
2016/9/27,3090,广州
2016/9/28,3070,广州
2016/9/29,3070,广州
2016/9/30,3070,广州
2016/10/8,3070,广州
2016/10/9,3090,广州
2016/10/10,3110,广州
2016/10/11,3110,广州
2016/10/12,3110,广州
2016/10/13,3130,广州
2016/10/14,3130,广州
2016/10/17,3160,广州
2016/10/18,3160,广州
2016/10/19,3160,广州
2016/10/20,3160,广州
2016/10/21,3250,广州
2016/10/24,3260,广州
2016/10/25,3260,广州
2016/10/26,3260,广州
2016/10/27,3310,广州
2016/10/28,3310,广州
2016/10/31,3310,广州
2016/11/1,3390,广州
2016/11/2,3410,广州
2016/11/3,3510,广州
2016/11/4,3540,广州
2016/11/7,3540,广州
2016/11/8,3610,广州
2016/11/9,3640,广州
2016/11/10,3660,广州
2016/11/11,3660,广州
2016/11/14,3660,广州
2016/11/15,3660,广州
2016/11/16,3660,广州
2016/11/17,3660,广州
2016/11/18,3660,广州
2016/11/21,3710,广州
2016/11/22,3710,广州
2016/11/23,3740,广州
2016/11/24,3890,广州
2014/1/2,3890,武汉
2014/1/3,3890,武汉
2014/1/6,3890,武汉
2014/1/7,3890,武汉
2014/1/8,3880,武汉
2014/1/9,3880,武汉
2014/1/10,3880,武汉
2014/1/13,3880,武汉
2014/1/14,3880,武汉
2014/1/15,3880,武汉
2014/1/16,3880,武汉
2014/1/17,3880,武汉
2014/1/20,3880,武汉
2014/1/21,3880,武汉
2014/1/22,3880,武汉
2014/1/23,3880,武汉
2014/1/24,3880,武汉
2014/1/26,3880,武汉
2014/1/27,3880,武汉
2014/1/28,3880,武汉
2014/1/29,3880,武汉
2014/1/30,3880,武汉
2014/2/7,3880,武汉
2014/2/8,3880,武汉
2014/2/10,3880,武汉
2014/2/11,3880,武汉
2014/2/12,3880,武汉
2014/2/13,3880,武汉
2014/2/14,3880,武汉
2014/2/17,3880,武汉
2014/2/18,3880,武汉
2014/2/19,3870,武汉
2014/2/20,3850,武汉
2014/2/21,3850,武汉
2014/2/24,3850,武汉
2014/2/25,3850,武汉
2014/2/26,3850,武汉
2014/2/27,3850,武汉
2014/2/28,3850,武汉
2014/3/4,3850,武汉
2014/3/5,3850,武汉
2014/3/6,3850,武汉
2014/3/7,3850,武汉
2014/3/10,3840,武汉
2014/3/11,3840,武汉
2014/3/12,3840,武汉
2014/3/13,3840,武汉
2014/3/14,3840,武汉
2014/3/17,3850,武汉
2014/3/18,3850,武汉
2014/3/19,3850,武汉
2014/3/20,3850,武汉
2014/3/21,3840,武汉
2014/3/24,3840,武汉
2014/3/25,3840,武汉
2014/3/26,3840,武汉
2014/3/27,3840,武汉
2014/3/28,3840,武汉
2014/3/31,3840,武汉
2014/4/1,3840,武汉
2014/4/2,3840,武汉
2014/4/3,3840,武汉
2014/4/4,3840,武汉
2014/4/8,3840,武汉
2014/4/9,3850,武汉
2014/4/10,3850,武汉
2014/4/11,3850,武汉
2014/4/14,3850,武汉
2014/4/15,3850,武汉
2014/4/16,3850,武汉
2014/4/17,3850,武汉
2014/4/18,3850,武汉
2014/4/22,3820,武汉
2014/4/23,3820,武汉
2014/4/24,3820,武汉
2014/4/25,3820,武汉
2014/4/28,3820,武汉
2014/4/29,3820,武汉
2014/4/30,3810,武汉
2014/5/4,3810,武汉
2014/5/5,3810,武汉
2014/5/6,3810,武汉
2014/5/7,3810,武汉
2014/5/8,3790,武汉
2014/5/9,3790,武汉
2014/5/12,3770,武汉
2014/5/13,3750,武汉
2014/5/14,3750,武汉
2014/5/15,3750,武汉
2014/5/16,3750,武汉
2014/5/19,3730,武汉
2014/5/20,3730,武汉
2014/5/21,3730,武汉
2014/5/22,3730,武汉
2014/5/23,3730,武汉
2014/5/26,3730,武汉
2014/5/27,3730,武汉
2014/5/28,3730,武汉
2014/5/29,3730,武汉
2014/5/30,3730,武汉
2014/6/3,3730,武汉
2014/6/4,3730,武汉
2014/6/5,3730,武汉
2014/6/6,3730,武汉
2014/6/9,3720,武汉
2014/6/10,3720,武汉
2014/6/11,3720,武汉
2014/6/12,3720,武汉
2014/6/13,3720,武汉
2014/6/16,3720,武汉
2014/6/17,3700,武汉
2014/6/18,3700,武汉
2014/6/19,3700,武汉
2014/6/20,3700,武汉
2014/6/23,3700,武汉
2014/6/24,3700,武汉
2014/6/25,3700,武汉
2014/6/26,3700,武汉
2014/6/27,3700,武汉
2014/6/30,3700,武汉
2014/7/1,3700,武汉
2014/7/2,3700,武汉
2014/7/3,3700,武汉
2014/7/4,3700,武汉
2014/7/7,3700,武汉
2014/7/8,3700,武汉
2014/7/9,3700,武汉
2014/7/10,3700,武汉
2014/7/11,3700,武汉
2014/7/14,3700,武汉
2014/7/15,3700,武汉
2014/7/16,3700,武汉
2014/7/17,3700,武汉
2014/7/18,3700,武汉
2014/7/21,3700,武汉
2014/7/22,3700,武汉
2014/7/23,3700,武汉
2014/7/24,3700,武汉
2014/7/25,3700,武汉
2014/7/28,3700,武汉
2014/7/29,3700,武汉
2014/7/30,3700,武汉
2014/7/31,3700,武汉
2014/8/1,3700,武汉
2014/8/4,3700,武汉
2014/8/5,3700,武汉
2014/8/6,3700,武汉
2014/8/7,3700,武汉
2014/8/8,3700,武汉
2014/8/11,3700,武汉
2014/8/12,3700,武汉
2014/8/13,3700,武汉
2014/8/14,3700,武汉
2014/8/15,3700,武汉
2014/8/18,3700,武汉
2014/8/19,3700,武汉
2014/8/20,3680,武汉
2014/8/21,3680,武汉
2014/8/22,3680,武汉
2014/8/25,3680,武汉
2014/8/26,3680,武汉
2014/8/27,3680,武汉
2014/8/28,3680,武汉
2014/8/29,3680,武汉
2014/9/1,3680,武汉
2014/9/2,3680,武汉
2014/9/3,3680,武汉
2014/9/4,3680,武汉
2014/9/5,3680,武汉
2014/9/9,3680,武汉
2014/9/10,3680,武汉
2014/9/11,3680,武汉
2014/9/12,3680,武汉
2014/9/15,3680,武汉
2014/9/16,3680,武汉
2014/9/17,3630,武汉
2014/9/18,3630,武汉
2014/9/19,3630,武汉
2014/9/22,3630,武汉
2014/9/23,3600,武汉
2014/9/24,3600,武汉
2014/9/25,3600,武汉
2014/9/26,3600,武汉
2014/9/28,3600,武汉
2014/9/29,3600,武汉
2014/9/30,3580,武汉
2014/10/8,3580,武汉
2014/10/9,3580,武汉
2014/10/10,3580,武汉
2014/10/11,3580,武汉
2014/10/13,3550,武汉
2014/10/14,3550,武汉
2014/10/15,3550,武汉
2014/10/16,3530,武汉
2014/10/17,3510,武汉
2014/10/20,3510,武汉
2014/10/21,3510,武汉
2014/10/22,3510,武汉
2014/10/23,3510,武汉
2014/10/24,3510,武汉
2014/10/27,3510,武汉
2014/10/28,3510,武汉
2014/10/29,3510,武汉
2014/10/30,3510,武汉
2014/10/31,3510,武汉
2014/11/3,3510,武汉
2014/11/4,3510,武汉
2014/11/5,3510,武汉
2014/11/6,3510,武汉
2014/11/7,3510,武汉
2014/11/10,3510,武汉
2014/11/11,3510,武汉
2014/11/12,3510,武汉
2014/11/13,3510,武汉
2014/11/14,3500,武汉
2014/11/17,3500,武汉
2014/11/18,3500,武汉
2014/11/19,3500,武汉
2014/11/20,3500,武汉
2014/11/21,3500,武汉
2014/11/24,3500,武汉
2014/11/25,3500,武汉
2014/11/26,3500,武汉
2014/11/27,3500,武汉
2014/11/28,3500,武汉
2014/12/1,3500,武汉
2014/12/2,3500,武汉
2014/12/3,3520,武汉
2014/12/4,3520,武汉
2014/12/5,3520,武汉
2014/12/8,3520,武汉
2014/12/9,3520,武汉
2014/12/10,3520,武汉
2014/12/11,3520,武汉
2014/12/12,3520,武汉
2014/12/15,3500,武汉
2014/12/16,3500,武汉
2014/12/17,3500,武汉
2014/12/18,3500,武汉
2014/12/19,3500,武汉
2014/12/22,3500,武汉
2014/12/23,3500,武汉
2014/12/24,3500,武汉
2014/12/25,3500,武汉
2014/12/26,3500,武汉
2014/12/29,3500,武汉
2014/12/30,3500,武汉
2014/12/31,3500,武汉
2015/1/4,3500,武汉
2015/1/5,3500,武汉
2015/1/6,3500,武汉
2015/1/7,3500,武汉
2015/1/8,3500,武汉
2015/1/9,3500,武汉
2015/1/12,3520,武汉
2015/1/13,3520,武汉
2015/1/14,3520,武汉
2015/1/15,3520,武汉
2015/1/16,3520,武汉
2015/1/19,3520,武汉
2015/1/20,3520,武汉
2015/1/21,3520,武汉
2015/1/22,3520,武汉
2015/1/23,3520,武汉
2015/1/26,3490,武汉
2015/1/27,3490,武汉
2015/1/28,3490,武汉
2015/1/29,3490,武汉
2015/1/30,3490,武汉
2015/2/2,3410,武汉
2015/2/3,3400,武汉
2015/2/4,3400,武汉
2015/2/5,3400,武汉
2015/2/6,3400,武汉
2015/2/9,3400,武汉
2015/2/10,3400,武汉
2015/2/11,3400,武汉
2015/2/12,3400,武汉
2015/2/13,3400,武汉
2015/2/15,3400,武汉
2015/2/16,3400,武汉
2015/2/17,3400,武汉
2015/2/25,3400,武汉
2015/2/26,3400,武汉
2015/2/27,3400,武汉
2015/2/28,3400,武汉
2015/3/2,3400,武汉
2015/3/3,3350,武汉
2015/3/4,3350,武汉
2015/3/5,3350,武汉
2015/3/6,3350,武汉
2015/3/9,3350,武汉
2015/3/10,3350,武汉
2015/3/11,3330,武汉
2015/3/12,3330,武汉
2015/3/13,3330,武汉
2015/3/16,3290,武汉
2015/3/17,3290,武汉
2015/3/18,3290,武汉
2015/3/19,3290,武汉
2015/3/20,3290,武汉
2015/3/23,3290,武汉
2015/3/24,3290,武汉
2015/3/25,3290,武汉
2015/3/26,3290,武汉
2015/3/27,3250,武汉
2015/3/30,3250,武汉
2015/3/31,3250,武汉
2015/4/1,3200,武汉
2015/4/2,3170,武汉
2015/4/3,3150,武汉
2015/4/7,3150,武汉
2015/4/8,3150,武汉
2015/4/9,3150,武汉
2015/4/10,3150,武汉
2015/4/13,3100,武汉
2015/4/14,3100,武汉
2015/4/15,3100,武汉
2015/4/16,3070,武汉
2015/4/17,3070,武汉
2015/4/20,3050,武汉
2015/4/21,3050,武汉
2015/4/22,3050,武汉
2015/4/23,3050,武汉
2015/4/24,3050,武汉
2015/4/27,3050,武汉
2015/4/28,3050,武汉
2015/4/29,3050,武汉
2015/4/30,3050,武汉
2015/5/4,3050,武汉
2015/5/5,3050,武汉
2015/5/6,3020,武汉
2015/5/7,3020,武汉
2015/5/8,3020,武汉
2015/5/11,3000,武汉
2015/5/12,3000,武汉
2015/5/13,2950,武汉
2015/5/14,2930,武汉
2015/5/15,2930,武汉
2015/5/18,2930,武汉
2015/5/19,2930,武汉
2015/5/20,2930,武汉
2015/5/21,2930,武汉
2015/5/22,2930,武汉
2015/5/25,2930,武汉
2015/5/26,2900,武汉
2015/5/27,2880,武汉
2015/5/28,2880,武汉
2015/5/29,2880,武汉
2015/6/1,2880,武汉
2015/6/2,2880,武汉
2015/6/3,2880,武汉
2015/6/4,2880,武汉
2015/6/5,2880,武汉
2015/6/8,2880,武汉
2015/6/9,2880,武汉
2015/6/10,2880,武汉
2015/6/11,2860,武汉
2015/6/12,2860,武汉
2015/6/15,2860,武汉
2015/6/16,2860,武汉
2015/6/17,2860,武汉
2015/6/18,2860,武汉
2015/6/19,2860,武汉
2015/6/23,2860,武汉
2015/6/24,2860,武汉
2015/6/25,2860,武汉
2015/6/26,2860,武汉
2015/6/29,2860,武汉
2015/6/30,2830,武汉
2015/7/1,2830,武汉
2015/7/2,2830,武汉
2015/7/3,2780,武汉
2015/7/6,2760,武汉
2015/7/7,2760,武汉
2015/7/8,2760,武汉
2015/7/9,2760,武汉
2015/7/10,2760,武汉
2015/7/13,2700,武汉
2015/7/14,2700,武汉
2015/7/15,2670,武汉
2015/7/16,2670,武汉
2015/7/17,2670,武汉
2015/7/20,2620,武汉
2015/7/21,2620,武汉
2015/7/22,2620,武汉
2015/7/23,2620,武汉
2015/7/24,2620,武汉
2015/7/27,2620,武汉
2015/7/28,2620,武汉
2015/7/29,2620,武汉
2015/7/30,2620,武汉
2015/7/31,2620,武汉
2015/8/3,2620,武汉
2015/8/4,2620,武汉
2015/8/5,2620,武汉
2015/8/6,2620,武汉
2015/8/7,2620,武汉
2015/8/10,2620,武汉
2015/8/11,2620,武汉
2015/8/12,2620,武汉
2015/8/13,2620,武汉
2015/8/14,2600,武汉
2015/8/17,2600,武汉
2015/8/18,2600,武汉
2015/8/19,2600,武汉
2015/8/20,2600,武汉
2015/8/21,2600,武汉
2015/8/24,2600,武汉
2015/8/25,2600,武汉
2015/8/26,2600,武汉
2015/8/27,2600,武汉
2015/8/28,2600,武汉
2015/8/31,2600,武汉
2015/9/1,2600,武汉
2015/9/2,2600,武汉
2015/9/6,2600,武汉
2015/9/7,2600,武汉
2015/9/8,2600,武汉
2015/9/9,2600,武汉
2015/9/10,2550,武汉
2015/9/11,2550,武汉
2015/9/14,2550,武汉
2015/9/15,2550,武汉
2015/9/16,2530,武汉
2015/9/17,2530,武汉
2015/9/18,2530,武汉
2015/9/21,2530,武汉
2015/9/22,2530,武汉
2015/9/23,2530,武汉
2015/9/24,2530,武汉
2015/9/25,2530,武汉
2015/9/28,2530,武汉
2015/9/29,2530,武汉
2015/9/30,2480,武汉
2015/10/8,2480,武汉
2015/10/9,2480,武汉
2015/10/10,2480,武汉
2015/10/12,2480,武汉
2015/10/13,2480,武汉
2015/10/14,2480,武汉
2015/10/15,2480,武汉
2015/10/16,2480,武汉
2015/10/19,2480,武汉
2015/10/20,2480,武汉
2015/10/21,2480,武汉
2015/10/22,2480,武汉
2015/10/23,2480,武汉
2015/10/26,2480,武汉
2015/10/27,2480,武汉
2015/10/28,2460,武汉
2015/10/29,2460,武汉
2015/10/30,2460,武汉
2015/11/2,2460,武汉
2015/11/3,2460,武汉
2015/11/4,2460,武汉
2015/11/5,2460,武汉
2015/11/6,2460,武汉
2015/11/9,2460,武汉
2015/11/10,2460,武汉
2015/11/11,2460,武汉
2015/11/12,2460,武汉
2015/11/13,2460,武汉
2015/11/16,2460,武汉
2015/11/17,2460,武汉
2015/11/18,2460,武汉
2015/11/19,2460,武汉
2015/11/20,2460,武汉
2015/11/23,2460,武汉
2015/11/24,2430,武汉
2015/11/25,2430,武汉
2015/11/26,2430,武汉
2015/11/27,2430,武汉
2015/11/30,2430,武汉
2015/12/1,2380,武汉
2015/12/2,2380,武汉
2015/12/3,2380,武汉
2015/12/4,2380,武汉
2015/12/7,2380,武汉
2015/12/8,2350,武汉
2015/12/9,2350,武汉
2015/12/10,2350,武汉
2015/12/11,2350,武汉
2015/12/14,2350,武汉
2015/12/15,2350,武汉
2015/12/16,2350,武汉
2015/12/17,2350,武汉
2015/12/23,2350,武汉
2015/12/24,2350,武汉
2015/12/25,2350,武汉
2015/12/28,2350,武汉
2015/12/29,2350,武汉
2015/12/30,2380,武汉
2015/12/31,2430,武汉
2016/1/4,2430,武汉
2016/1/5,2430,武汉
2016/1/6,2430,武汉
2016/1/7,2430,武汉
2016/1/8,2430,武汉
2016/1/11,2430,武汉
2016/1/12,2430,武汉
2016/1/13,2430,武汉
2016/1/14,2430,武汉
2016/1/18,2430,武汉
2016/1/19,2430,武汉
2016/1/20,2430,武汉
2016/1/21,2430,武汉
2016/1/22,2430,武汉
2016/1/25,2430,武汉
2016/1/26,2430,武汉
2016/1/27,2430,武汉
2016/1/28,2430,武汉
2016/1/29,2430,武汉
2016/2/1,2430,武汉
2016/2/2,2430,武汉
2016/2/3,2430,武汉
2016/2/4,2430,武汉
2016/2/5,2430,武汉
2016/2/6,2430,武汉
2016/2/14,2430,武汉
2016/2/15,2430,武汉
2016/2/16,2430,武汉
2016/2/17,2430,武汉
2016/2/18,2430,武汉
2016/2/19,2430,武汉
2016/2/22,2430,武汉
2016/2/23,2450,武汉
2016/2/24,2450,武汉
2016/2/25,2470,武汉
2016/2/26,2470,武汉
2016/2/29,2470,武汉
2016/3/1,2470,武汉
2016/3/2,2700,武汉
2016/3/3,2750,武汉
2016/3/4,2750,武汉
2016/3/7,2750,武汉
2016/3/8,2750,武汉
2016/3/9,2750,武汉
2016/3/10,2750,武汉
2016/3/11,2750,武汉
2016/3/14,2750,武汉
2016/3/15,2750,武汉
2016/3/16,2750,武汉
2016/3/17,2770,武汉
2016/3/18,2770,武汉
2016/3/21,2770,武汉
2016/3/22,2770,武汉
2016/3/23,2770,武汉
2016/3/24,2750,武汉
2016/3/25,2750,武汉
2016/3/28,2750,武汉
2016/3/29,2750,武汉
2016/3/30,2750,武汉
2016/3/31,2770,武汉
2016/4/1,2770,武汉
2016/4/5,2770,武汉
2016/4/6,2790,武汉
2016/4/7,2850,武汉
2016/4/8,2850,武汉
2016/4/11,2850,武汉
2016/4/12,2850,武汉
2016/4/13,2870,武汉
2016/4/14,2920,武汉
2016/4/15,3050,武汉
2016/4/18,3150,武汉
2016/4/19,3250,武汉
2016/4/20,3250,武汉
2016/4/21,3250,武汉
2016/4/22,3250,武汉
2016/4/25,3250,武汉
2016/4/26,3250,武汉
2016/4/27,3250,武汉
2016/4/28,3230,武汉
2016/4/29,3230,武汉
2016/5/3,3230,武汉
2016/5/4,3230,武汉
2016/5/5,3180,武汉
2016/5/6,3180,武汉
2016/5/9,3180,武汉
2016/5/10,3150,武汉
2016/5/11,3150,武汉
2016/5/12,3150,武汉
2016/5/13,3150,武汉
2016/5/16,3100,武汉
2016/5/17,3070,武汉
2016/5/18,3030,武汉
2016/5/19,2990,武汉
2016/5/20,2990,武汉
2016/5/23,2990,武汉
2016/5/24,2980,武汉
2016/5/25,2980,武汉
2016/5/26,2950,武汉
2016/5/27,2950,武汉
2016/5/30,2900,武汉
2016/5/31,2900,武汉
2016/6/1,2900,武汉
2016/6/2,2900,武汉
2016/6/3,2900,武汉
2016/6/6,2880,武汉
2016/6/7,2880,武汉
2016/6/8,2880,武汉
2016/6/12,2880,武汉
2016/6/13,2880,武汉
2016/6/14,2850,武汉
2016/6/15,2850,武汉
2016/6/16,2810,武汉
2016/6/17,2810,武汉
2016/6/20,2810,武汉
2016/6/21,2810,武汉
2016/6/22,2810,武汉
2016/6/23,2830,武汉
2016/6/24,2830,武汉
2016/6/27,2830,武汉
2016/6/28,2800,武汉
2016/6/29,2800,武汉
2016/6/30,2850,武汉
2016/7/1,2850,武汉
2016/7/4,2850,武汉
2016/7/5,2850,武汉
2016/7/6,2850,武汉
2016/7/7,2850,武汉
2016/7/8,2900,武汉
2016/7/11,2900,武汉
2016/7/12,2900,武汉
2016/7/13,2900,武汉
2016/7/14,2900,武汉
2016/7/15,2900,武汉
2016/7/18,2900,武汉
2016/7/19,2900,武汉
2016/7/20,2900,武汉
2016/7/21,2950,武汉
2016/7/22,2950,武汉
2016/7/25,2950,武汉
2016/7/26,2970,武汉
2016/7/27,2970,武汉
2016/7/28,2970,武汉
2016/7/29,3000,武汉
2016/8/1,3000,武汉
2016/8/2,3000,武汉
2016/8/3,3050,武汉
2016/8/4,3050,武汉
2016/8/5,3030,武汉
2016/8/8,3030,武汉
2016/8/9,3030,武汉
2016/8/10,3030,武汉
2016/8/11,3050,武汉
2016/8/12,3050,武汉
2016/8/15,3080,武汉
2016/8/16,3080,武汉
2016/8/17,3080,武汉
2016/8/18,3080,武汉
2016/8/19,3080,武汉
2016/8/22,3080,武汉
2016/8/23,3110,武汉
2016/8/24,3110,武汉
2016/8/25,3130,武汉
2016/8/26,3130,武汉
2016/8/29,3130,武汉
2016/8/30,3130,武汉
2016/8/31,3130,武汉
2016/9/1,3130,武汉
2016/9/2,3130,武汉
2016/9/5,3130,武汉
2016/9/6,3150,武汉
2016/9/7,3150,武汉
2016/9/8,3150,武汉
2016/9/9,3150,武汉
2016/9/12,3150,武汉
2016/9/13,3150,武汉
2016/9/14,3150,武汉
2016/9/18,3150,武汉
2016/9/19,3150,武汉
2016/9/20,3150,武汉
2016/9/21,3150,武汉
2016/9/22,3150,武汉
2016/9/23,3150,武汉
2016/9/26,3180,武汉
2016/9/27,3180,武汉
2016/9/28,3180,武汉
2016/9/29,3180,武汉
2016/9/30,3210,武汉
2016/10/8,3210,武汉
2016/10/9,3230,武汉
2016/10/10,3230,武汉
2016/10/11,3250,武汉
2016/10/12,3280,武汉
2016/10/13,3280,武汉
2016/10/14,3330,武汉
2016/10/17,3330,武汉
2016/10/18,3330,武汉
2016/10/19,3330,武汉
2016/10/20,3350,武汉
2016/10/21,3350,武汉
2016/10/24,3350,武汉
2016/10/25,3350,武汉
2016/10/26,3350,武汉
2016/10/27,3350,武汉
2016/10/28,3410,武汉
2016/10/31,3410,武汉
2016/11/1,3490,武汉
2016/11/2,3530,武汉
2016/11/3,3610,武汉
2016/11/4,3610,武汉
2016/11/7,3660,武汉
2016/11/8,3660,武汉
2016/11/9,3660,武汉
2016/11/10,3780,武汉
2016/11/11,3780,武汉
2016/11/14,3750,武汉
2016/11/15,3750,武汉
2016/11/16,3750,武汉
2016/11/17,3780,武汉
2016/11/18,3810,武汉
2016/11/21,3860,武汉
2016/11/22,3880,武汉
2016/11/23,3960,武汉